<?xml version="1.0" encoding="UTF-8"?>
<project-private xmlns="http://www.netbeans.org/ns/project-private/1">
    <editor-bookmarks xmlns="http://www.netbeans.org/ns/editor-bookmarks/2" lastBookmarkId="0"/>
    <open-files xmlns="http://www.netbeans.org/ns/projectui-open-files/2">
        <group>
            <file>file:/C:/Users/hp/Documents/NetBeansProjects/Point%20of%20Sale%202024/src/ServerOnOff.java</file>
            <file>file:/C:/Users/hp/Documents/NetBeansProjects/Point%20of%20Sale%202024/src/AdminChangePassword.java</file>
            <file>file:/C:/Users/hp/Documents/NetBeansProjects/Point%20of%20Sale%202024/src/bill.java</file>
            <file>file:/C:/Users/hp/Documents/NetBeansProjects/Point%20of%20Sale%202024/src/MyServer.java</file>
            <file>file:/C:/Users/hp/Documents/NetBeansProjects/Point%20of%20Sale%202024/src/BillHistory.java</file>
            <file>file:/C:/Users/hp/Documents/NetBeansProjects/Point%20of%20Sale%202024/src/MyClient.java</file>
            <file>file:/C:/Users/hp/Documents/NetBeansProjects/Point%20of%20Sale%202024/src/AdminLogin.java</file>
            <file>file:/C:/Users/hp/Documents/NetBeansProjects/Point%20of%20Sale%202024/src/AdminManageCategories.java</file>
            <file>file:/C:/Users/hp/Documents/NetBeansProjects/Point%20of%20Sale%202024/src/AdminHome.java</file>
            <file>file:/C:/Users/hp/Documents/NetBeansProjects/Point%20of%20Sale%202024/src/DBLoader.java</file>
            <file>file:/C:/Users/hp/Documents/NetBeansProjects/Point%20of%20Sale%202024/src/Global.java</file>
            <file>file:/C:/Users/hp/Documents/NetBeansProjects/Point%20of%20Sale%202024/src/AdminManageProducts.java</file>
            <file>file:/C:/Users/hp/Documents/NetBeansProjects/Point%20of%20Sale%202024/src/GenerateNewBill.java</file>
            <file>file:/C:/Users/hp/Documents/NetBeansProjects/Point%20of%20Sale%202024/src/Categories.java</file>
            <file>file:/C:/Users/hp/Documents/NetBeansProjects/Point%20of%20Sale%202024/src/billdetail.java</file>
            <file>file:/C:/Users/hp/Documents/NetBeansProjects/Point%20of%20Sale%202024/src/Products.java</file>
            <file>file:/C:/Users/hp/Documents/NetBeansProjects/Point%20of%20Sale%202024/src/AdminDetail.java</file>
        </group>
    </open-files>
</project-private>
